time,ecg
0.000000,-0.339256
0.003908,-0.374609
0.007816,-0.406356
0.011723,-0.429369
0.015631,-0.438428
0.019539,-0.431999
0.023447,-0.414609
0.027354,-0.394852
0.031262,-0.380016
0.035170,-0.371575
0.039078,-0.365281
0.042986,-0.355697
0.046893,-0.341379
0.050801,-0.326407
0.054709,-0.317093
0.058617,-0.316556
0.062524,-0.321486
0.066432,-0.323569
0.070340,-0.314510
0.074248,-0.291137
0.078156,-0.257306
0.082063,-0.221709
0.085971,-0.193298
0.089879,-0.177175
0.093787,-0.173096
0.097694,-0.176904
0.101602,-0.183629
0.105510,-0.190372
0.109418,-0.197540
0.113326,-0.207965
0.117233,-0.224487
0.121141,-0.247380
0.125049,-0.273188
0.128957,-0.295907
0.132864,-0.310066
0.136772,-0.313886
0.140680,-0.310340
0.144588,-0.305226
0.148496,-0.303470
0.152403,-0.306303
0.156311,-0.311357
0.160219,-0.315317
0.164127,-0.316573
0.168034,-0.315312
0.171942,-0.311121
0.175850,-0.301254
0.179758,-0.283078
0.183665,-0.260542
0.187573,-0.249098
0.191481,-0.271442
0.195389,-0.341239
0.199297,-0.442048
0.203204,-0.516751
0.207112,-0.481313
0.211020,-0.263673
0.214928,0.149393
0.218835,0.685156
0.222743,1.199231
0.226651,1.531113
0.230559,1.575471
0.234467,1.331402
0.238374,0.901854
0.242282,0.442984
0.246190,0.091527
0.250098,-0.090410
0.254005,-0.126072
0.257913,-0.090836
0.261821,-0.060257
0.265729,-0.071429
0.269637,-0.116409
0.273544,-0.163769
0.277452,-0.188072
0.281360,-0.186561
0.285268,-0.175294
0.289175,-0.172447
0.293083,-0.183630
0.296991,-0.199481
0.300899,-0.205061
0.304807,-0.192114
0.308714,-0.164792
0.312622,-0.135639
0.316530,-0.116069
0.320438,-0.108797
0.324345,-0.107202
0.328253,-0.101107
0.332161,-0.084175
0.336069,-0.057795
0.339977,-0.029397
0.343884,-0.007071
0.347792,0.005524
0.351700,0.010749
0.355608,0.014608
0.359515,0.022608
0.363423,0.036794
0.367331,0.055535
0.371239,0.075494
0.375147,0.094003
0.379054,0.110239
0.382962,0.124835
0.386870,0.138615
0.390778,0.151528
0.394685,0.162471
0.398593,0.169911
0.402501,0.172726
0.406409,0.170660
0.410317,0.164230
0.414224,0.154375
0.418132,0.142211
0.422040,0.128970
0.425948,0.115806
0.429855,0.103292
0.433763,0.090903
0.437671,0.077170
0.441579,0.060796
0.445487,0.042136
0.449394,0.023791
0.453302,0.009493
0.457210,0.001684
0.461118,-0.000704
0.465025,-0.002574
0.468933,-0.010495
0.472841,-0.029047
0.476749,-0.057869
0.480657,-0.091355
0.484564,-0.121480
0.488472,-0.142133
0.492380,-0.152260
0.496288,-0.155775
0.500195,-0.158382
0.504103,-0.163587
0.508011,-0.170730
0.511919,-0.176348
0.515826,-0.177697
0.519734,-0.175592
0.523642,-0.174202
0.527550,-0.177752
0.531458,-0.186662
0.535365,-0.196334
0.539273,-0.199964
0.543181,-0.193678
0.547089,-0.180211
0.550996,-0.168158
0.554904,-0.166914
0.558812,-0.180677
0.562720,-0.205730
0.566628,-0.232972
0.570535,-0.253877
0.574443,-0.265539
0.578351,-0.271235
0.582259,-0.276440
0.586166,-0.283788
0.590074,-0.291162
0.593982,-0.294372
0.597890,-0.291920
0.601798,-0.287502
0.605705,-0.287666
0.609613,-0.296157
0.613521,-0.309503
0.617429,-0.317916
0.621336,-0.311564
0.625244,-0.287982
0.629152,-0.255060
0.633060,-0.226975
0.636968,-0.215508
0.640875,-0.222677
0.644783,-0.239829
0.648691,-0.253827
0.652599,-0.256057
0.656506,-0.248134
0.660414,-0.240597
0.664322,-0.245672
0.668230,-0.269017
0.672138,-0.305753
0.676045,-0.343088
0.679953,-0.367637
0.683861,-0.372784
0.687769,-0.361679
0.691676,-0.344421
0.695584,-0.331643
0.699492,-0.328818
0.703400,-0.334782
0.707308,-0.344736
0.711215,-0.354734
0.715123,-0.363812
0.719031,-0.372280
0.722939,-0.378498
0.726846,-0.378482
0.730754,-0.370668
0.734662,-0.362808
0.738570,-0.373547
0.742478,-0.422405
0.746385,-0.509893
0.750293,-0.599682
0.754201,-0.618996
0.758109,-0.485879
0.762016,-0.155093
0.765924,0.341595
0.769832,0.887934
0.773740,1.320708
0.777648,1.498502
0.781555,1.367134
0.785463,0.985713
0.789371,0.497946
0.793279,0.064064
0.797186,-0.209373
0.801094,-0.305136
0.805002,-0.281960
0.808910,-0.226581
0.812818,-0.203029
0.816725,-0.227343
0.820633,-0.275870
0.824541,-0.313878
0.828449,-0.322016
0.832356,-0.304940
0.836264,-0.281592
0.840172,-0.268647
0.844080,-0.270090
0.847987,-0.278259
0.851895,-0.282445
0.855803,-0.277023
0.859711,-0.263765
0.863619,-0.248605
0.867526,-0.236865
0.871434,-0.230577
0.875342,-0.228640
0.879250,-0.228274
0.883157,-0.226210
0.887065,-0.219431
0.890973,-0.206108
0.894881,-0.186763
0.898789,-0.164703
0.902696,-0.144738
0.906604,-0.130552
0.910512,-0.122529
0.914420,-0.117865
0.918327,-0.113050
0.922235,-0.106754
0.926143,-0.100648
0.930051,-0.097344
0.933959,-0.097183
0.937866,-0.096815
0.941774,-0.091206
0.945682,-0.077872
0.949590,-0.059995
0.953497,-0.045585
0.957405,-0.042676
0.961313,-0.053731
0.965221,-0.073332
0.969129,-0.091180
0.973036,-0.098698
0.976944,-0.094824
0.980852,-0.086989
0.984760,-0.086478
0.988667,-0.101280
0.992575,-0.131222
0.996483,-0.168488
1.000391,-0.202812
1.004299,-0.227484
1.008206,-0.242169
1.012114,-0.251161
1.016022,-0.259060
1.019930,-0.267439
1.023837,-0.274843
1.027745,-0.279542
1.031653,-0.282208
1.035561,-0.285938
1.039469,-0.293469
1.043376,-0.304043
1.047284,-0.312837
1.051192,-0.313902
1.055100,-0.304646
1.059007,-0.288523
1.062915,-0.273730
1.066823,-0.268531
1.070731,-0.276244
1.074639,-0.293197
1.078546,-0.310917
1.082454,-0.321070
1.086362,-0.319954
1.090270,-0.309914
1.094177,-0.297177
1.098085,-0.287851
1.101993,-0.284658
1.105901,-0.286124
1.109809,-0.288195
1.113716,-0.286911
1.117624,-0.280470
1.121532,-0.269756
1.125440,-0.257450
1.129347,-0.246522
1.133255,-0.238968
1.137163,-0.235312
1.141071,-0.234921
1.144979,-0.236725
1.148886,-0.239765
1.152794,-0.243194
1.156702,-0.245861
1.160610,-0.245958
1.164517,-0.241229
1.168425,-0.229809
1.172333,-0.211267
1.176241,-0.187199
1.180148,-0.160936
1.184056,-0.136505
1.187964,-0.117464
1.191872,-0.106273
1.195780,-0.104418
1.199687,-0.112811
1.203595,-0.131704
1.207503,-0.159736
1.211411,-0.192732
1.215318,-0.223641
1.219226,-0.244661
1.223134,-0.251061
1.227042,-0.244426
1.230950,-0.232727
1.234857,-0.226310
1.238765,-0.231881
1.242673,-0.248429
1.246581,-0.268099
1.250488,-0.281537
1.254396,-0.283836
1.258304,-0.276661
1.262212,-0.265234
1.266120,-0.253315
1.270027,-0.241396
1.273935,-0.230674
1.277843,-0.229450
1.281751,-0.254164
1.285658,-0.319155
1.289566,-0.417702
1.293474,-0.506761
1.297382,-0.510815
1.301290,-0.351633
1.305197,0.006213
1.309105,0.518900
1.313013,1.061648
1.316921,1.470933
1.320828,1.614110
1.324736,1.451037
1.328644,1.053453
1.332552,0.570185
1.336460,0.156761
1.340367,-0.092071
1.344275,-0.171809
1.348183,-0.148508
1.352091,-0.107699
1.355998,-0.105258
1.359906,-0.147211
1.363814,-0.203594
1.367722,-0.239873
1.371630,-0.242056
1.375537,-0.221050
1.379445,-0.198831
1.383353,-0.190637
1.387261,-0.196577
1.391168,-0.206090
1.395076,-0.208572
1.398984,-0.200743
1.402892,-0.186286
1.406800,-0.170487
1.410707,-0.155870
1.414615,-0.142328
1.418523,-0.130163
1.422431,-0.121777
1.426338,-0.119669
1.430246,-0.122603
1.434154,-0.124159
1.438062,-0.115992
1.441970,-0.093855
1.445877,-0.061627
1.449785,-0.029846
1.453693,-0.009397
1.457601,-0.004773
1.461508,-0.011622
1.465416,-0.020065
1.469324,-0.021133
1.473232,-0.011773
1.477140,0.004554
1.481047,0.021182
1.484955,0.032445
1.488863,0.035877
1.492771,0.031724
1.496678,0.021225
1.500586,0.005574
1.504494,-0.013694
1.508402,-0.033766
1.512309,-0.050514
1.516217,-0.060052
1.520125,-0.061067
1.524033,-0.056271
1.527941,-0.051678
1.531848,-0.053864
1.535756,-0.066791
1.539664,-0.090039
1.543572,-0.119389
1.547479,-0.149171
1.551387,-0.174824
1.555295,-0.194216
1.559203,-0.207265
1.563111,-0.214682
1.567018,-0.217109
1.570926,-0.215330
1.574834,-0.211049
1.578742,-0.207065
1.582649,-0.206198
1.586557,-0.209523
1.590465,-0.215376
1.594373,-0.220248
1.598281,-0.221191
1.602188,-0.217968
1.606096,-0.213167
1.610004,-0.210096
1.613912,-0.210126
1.617819,-0.211740
1.621727,-0.212111
1.625635,-0.209846
1.629543,-0.206330
1.633451,-0.204230
1.637358,-0.204296
1.641266,-0.203394
1.645174,-0.196060
1.649082,-0.178966
1.652989,-0.154912
1.656897,-0.132746
1.660805,-0.122506
1.664713,-0.128849
1.668621,-0.147596
1.672528,-0.168192
1.676436,-0.180565
1.680344,-0.181379
1.684252,-0.174994
1.688159,-0.168478
1.692067,-0.164734
1.695975,-0.159432
1.699883,-0.144408
1.703791,-0.114983
1.707698,-0.075349
1.711606,-0.037505
1.715514,-0.014227
1.719422,-0.011158
1.723329,-0.023748
1.727237,-0.041066
1.731145,-0.053465
1.735053,-0.058554
1.738961,-0.061562
1.742868,-0.070501
1.746776,-0.090088
1.750684,-0.118722
1.754592,-0.150078
1.758499,-0.177395
1.762407,-0.196984
1.766315,-0.208728
1.770223,-0.214073
1.774131,-0.214001
1.778038,-0.209097
1.781946,-0.201521
1.785854,-0.196390
1.789762,-0.199982
1.793669,-0.214787
1.797577,-0.235063
1.801485,-0.247864
1.805393,-0.241538
1.809301,-0.217447
1.813208,-0.195627
1.817116,-0.206223
1.821024,-0.266992
1.824932,-0.358665
1.828839,-0.416349
1.832747,-0.349895
1.836655,-0.089828
1.840563,0.363273
1.844470,0.916291
1.848378,1.407993
1.852286,1.674797
1.856194,1.626223
1.860102,1.289103
1.864009,0.794880
1.867917,0.316173
1.871825,-0.012380
1.875733,-0.146242
1.879640,-0.131352
1.883548,-0.059654
1.887456,-0.011335
1.891364,-0.018156
1.895272,-0.063831
1.899179,-0.112048
1.903087,-0.137790
1.906995,-0.141057
1.910903,-0.138636
1.914810,-0.145523
1.918718,-0.162312
1.922626,-0.176950
1.926534,-0.176779
1.930442,-0.159578
1.934349,-0.134898
1.938257,-0.115793
1.942165,-0.108575
1.946073,-0.108834
1.949980,-0.106112
1.953888,-0.092691
1.957796,-0.069324
1.961704,-0.043912
1.965612,-0.024971
1.969519,-0.015471
1.973427,-0.011635
1.977335,-0.006935
1.981243,0.002481
1.985150,0.015336
1.989058,0.027304
1.992966,0.035405
1.996874,0.040774
2.000782,0.047483
2.004689,0.058504
2.008597,0.072368
2.012505,0.083491
2.016413,0.086165
2.020320,0.079185
2.024228,0.067446
2.028136,0.059032
2.032044,0.059724
2.035952,0.068877
2.039859,0.079703
2.043767,0.083774
2.047675,0.076456
2.051583,0.059324
2.055490,0.038035
2.059398,0.017596
2.063306,-0.001120
2.067214,-0.020990
2.071122,-0.044971
2.075029,-0.072388
2.078937,-0.098432
2.082845,-0.117393
2.086753,-0.127035
2.090660,-0.130540
2.094568,-0.134397
2.098476,-0.143836
2.102384,-0.159299
2.106292,-0.176516
2.110199,-0.189868
2.114107,-0.196218
2.118015,-0.196297
2.121923,-0.192932
2.125830,-0.188065
2.129738,-0.181364
2.133646,-0.171638
2.137554,-0.159614
2.141462,-0.149291
2.145369,-0.146222
2.149277,-0.153635
2.153185,-0.169316
2.157093,-0.185851
2.161000,-0.194480
2.164908,-0.190234
2.168816,-0.175010
2.172724,-0.156584
2.176631,-0.144146
2.180539,-0.143086
2.184447,-0.152053
2.188355,-0.163814
2.192263,-0.169263
2.196170,-0.162341
2.200078,-0.143344
2.203986,-0.119017
2.207894,-0.099362
2.211801,-0.092607
2.215709,-0.100765
2.219617,-0.118126
2.223525,-0.133781
2.227433,-0.137192
2.231340,-0.123819
2.235248,-0.097519
2.239156,-0.068170
2.243064,-0.045953
2.246971,-0.035926
2.250879,-0.036269
2.254787,-0.041063
2.258695,-0.045398
2.262603,-0.049049
2.266510,-0.056162
2.270418,-0.071335
2.274326,-0.095151
2.278234,-0.122588
2.282141,-0.145596
2.286049,-0.157999
2.289957,-0.159115
2.293865,-0.153469
2.297773,-0.147025
2.301680,-0.143071
2.305588,-0.141100
2.309496,-0.139375
2.313404,-0.138523
2.317311,-0.142319
2.321219,-0.154139
2.325127,-0.171886
2.329035,-0.186790
2.332943,-0.189488
2.336850,-0.180602
2.340758,-0.177083
2.344666,-0.205334
2.348574,-0.280041
2.352481,-0.379727
2.356389,-0.437633
2.360297,-0.362010
2.364205,-0.082929
2.368113,0.397119
2.372020,0.980448
2.375928,1.499946
2.379836,1.787197
2.383744,1.749852
2.387651,1.416001
2.391559,0.919794
2.395467,0.435702
2.399375,0.098135
2.403283,-0.049944
2.407190,-0.055335
2.411098,-0.008386
2.415006,0.014884
2.418914,-0.012105
2.422821,-0.068951
2.426729,-0.117636
2.430637,-0.133932
2.434545,-0.120431
2.438453,-0.097517
2.442360,-0.084192
2.446268,-0.084773
2.450176,-0.089669
2.454084,-0.086536
2.457991,-0.071331
2.461899,-0.050919
2.465807,-0.036687
2.469715,-0.035353
2.473623,-0.044139
2.477530,-0.053159
2.481438,-0.052338
2.485346,-0.037641
2.489254,-0.012806
2.493161,0.013673
2.497069,0.033720
2.500977,0.043786
2.504885,0.045945
2.508792,0.045980
2.512700,0.049902
2.516608,0.060851
2.520516,0.077817
2.524424,0.096663
2.528331,0.112777
2.532239,0.123880
2.536147,0.131322
2.540055,0.138952
2.543962,0.150146
2.547870,0.164883
2.551778,0.178919
2.555686,0.185782
2.559594,0.180468
2.563501,0.162551
2.567409,0.136727
2.571317,0.110360
2.575225,0.089496
2.579132,0.075800
2.583040,0.066292
2.586948,0.055895
2.590856,0.040994
2.594764,0.021631
2.598671,0.001107
2.602579,-0.016505
2.606487,-0.029129
2.610395,-0.038018
2.614302,-0.046934
2.618210,-0.059730
2.622118,-0.077722
2.626026,-0.098421
2.629934,-0.116559
2.633841,-0.127038
2.637749,-0.128120
2.641657,-0.122784
2.645565,-0.117160
2.649472,-0.116847
2.653380,-0.123430
2.657288,-0.133545
2.661196,-0.141170
2.665104,-0.141611
2.669011,-0.134446
2.672919,-0.123437
2.676827,-0.113610
2.680735,-0.107700
2.684642,-0.104511
2.688550,-0.100272
2.692458,-0.091923
2.696366,-0.079890
2.700274,-0.068332
2.704181,-0.062577
2.708089,-0.065473
2.711997,-0.075159
2.715905,-0.085913
2.719812,-0.091631
2.723720,-0.089663
2.727628,-0.082395
2.731536,-0.075484
2.735444,-0.073982
2.739351,-0.078948
2.743259,-0.086778
2.747167,-0.091510
2.751075,-0.088409
2.754982,-0.076373
2.758890,-0.057762
2.762798,-0.036120
2.766706,-0.013732
2.770614,0.009090
2.774521,0.032572
2.778429,0.055233
2.782337,0.072893
2.786245,0.080083
2.790152,0.073043
2.794060,0.052182
2.797968,0.022220
2.801876,-0.010063
2.805784,-0.038870
2.809691,-0.061306
2.813599,-0.077339
2.817507,-0.088388
2.821415,-0.095837
2.825322,-0.100334
2.829230,-0.101890
2.833138,-0.100347
2.837046,-0.095966
2.840953,-0.090140
2.844861,-0.085844
2.848769,-0.086842
2.852677,-0.095048
2.856585,-0.107341
2.860492,-0.115197
2.864400,-0.109942
2.868308,-0.092226
2.872216,-0.078824
2.876123,-0.098000
2.880031,-0.170238
2.883939,-0.282548
2.887847,-0.374155
2.891755,-0.350381
2.895662,-0.126756
2.899570,0.315966
2.903478,0.898595
2.907386,1.458487
2.911293,1.813474
2.915201,1.845097
2.919109,1.556152
2.923017,1.069111
2.926925,0.565092
2.930832,0.197506
2.934740,0.028291
2.938648,0.018974
2.942556,0.074430
2.946463,0.106916
2.950371,0.080637
2.954279,0.015167
2.958187,-0.045038
2.962095,-0.068197
2.966002,-0.054086
2.969910,-0.026321
2.973818,-0.009703
2.977726,-0.012093
2.981633,-0.022929
2.985541,-0.026071
2.989449,-0.014579
2.993357,0.004221
2.997265,0.015838
3.001172,0.010893
3.005080,-0.007278
3.008988,-0.024853
3.012896,-0.027051
3.016803,-0.007731
3.020711,0.027288
3.024619,0.064546
3.028527,0.091280
3.032435,0.102208
3.036342,0.100980
3.040250,0.096363
3.044158,0.096308
3.048066,0.103790
3.051973,0.116531
3.055881,0.129985
3.059789,0.140997
3.063697,0.149530
3.067605,0.157553
3.071512,0.166385
3.075420,0.174877
3.079328,0.179989
3.083236,0.179297
3.087143,0.173288
3.091051,0.165395
3.094959,0.159496
3.098867,0.156787
3.102775,0.154679
3.106682,0.148869
3.110590,0.137134
3.114498,0.121704
3.118406,0.108007
3.122313,0.100420
3.126221,0.098250
3.130129,0.095316
3.134037,0.083897
3.137945,0.060382
3.141852,0.028412
3.145760,-0.002984
3.149668,-0.025061
3.153576,-0.034771
3.157483,-0.036095
3.161391,-0.036553
3.165299,-0.041673
3.169207,-0.051515
3.173114,-0.061550
3.177022,-0.066778
3.180930,-0.065661
3.184838,-0.060911
3.188746,-0.056887
3.192653,-0.055982
3.196561,-0.056942
3.200469,-0.056306
3.204377,-0.051555
3.208284,-0.043314
3.212192,-0.034851
3.216100,-0.029417
3.220008,-0.027712
3.223916,-0.027537
3.227823,-0.025826
3.231731,-0.021301
3.235639,-0.015582
3.239547,-0.011886
3.243454,-0.012356
3.247362,-0.016102
3.251270,-0.019448
3.255178,-0.018267
3.259086,-0.010759
3.262993,0.001256
3.266901,0.013276
3.270809,0.020493
3.274717,0.019994
3.278624,0.011673
3.282532,-0.002126
3.286440,-0.017491
3.290348,-0.029853
3.294256,-0.035070
3.298163,-0.030917
3.302071,-0.018509
3.305979,-0.002446
3.309887,0.011177
3.313794,0.018337
3.317702,0.020035
3.321610,0.022241
3.325518,0.032235
3.329426,0.053430
3.333333,0.082323
3.337241,0.110030
3.341149,0.127617
3.345057,0.131497
3.348964,0.124916
3.352872,0.114432
3.356780,0.104215
3.360688,0.092812
3.364596,0.075158
3.368503,0.048254
3.372411,0.015638
3.376319,-0.013511
3.380227,-0.030368
3.384134,-0.032877
3.388042,-0.027255
3.391950,-0.023157
3.395858,-0.026307
3.399766,-0.034650
3.403673,-0.041166
3.407581,-0.040802
3.411489,-0.035225
3.415397,-0.030858
3.419304,-0.031844
3.423212,-0.034969
3.427120,-0.032915
3.431028,-0.024796
3.434936,-0.024410
3.438843,-0.054924
3.442751,-0.127565
3.446659,-0.216523
3.450567,-0.251078
3.454474,-0.139746
3.458382,0.179014
3.462290,0.686544
3.466198,1.267792
3.470106,1.747157
3.474013,1.963833
3.477921,1.847975
3.481829,1.454939
3.485737,0.937411
3.489644,0.470868
3.493552,0.174283
3.497460,0.068452
3.501368,0.089539
3.505275,0.142249
3.509183,0.156754
3.513091,0.117211
3.516999,0.052245
3.520907,0.002209
3.524814,-0.011179
3.528722,0.005386
3.532630,0.028425
3.536538,0.037528
3.540445,0.028084
3.544353,0.010157
3.548261,-0.002174
3.552169,-0.001265
3.556077,0.010852
3.559984,0.026625
3.563892,0.039554
3.567800,0.047950
3.571708,0.054211
3.575615,0.061622
3.579523,0.071878
3.583431,0.084839
3.587339,0.099732
3.591247,0.116052
3.595154,0.133367
3.599062,0.150627
3.602970,0.166054
3.606878,0.177902
3.610785,0.185470
3.614693,0.189492
3.618601,0.191685
3.622509,0.193863
3.626417,0.197195
3.630324,0.201830
3.634232,0.206883
3.638140,0.210769
3.642048,0.211990
3.645955,0.210228
3.649863,0.207069
3.653771,0.205509
3.657679,0.208051
3.661587,0.214387
3.665494,0.220471
3.669402,0.220170
3.673310,0.208844
3.677218,0.186559
3.681125,0.158530
3.685033,0.132220
3.688941,0.112921
3.692849,0.100815
3.696757,0.091546
3.700664,0.079808
3.704572,0.063269
3.708480,0.044030
3.712388,0.026628
3.716295,0.014261
3.720203,0.006214
3.724111,-0.001476
3.728019,-0.012592
3.731927,-0.027271
3.735834,-0.041272
3.739742,-0.048755
3.743650,-0.046597
3.747558,-0.037087
3.751465,-0.026909
3.755373,-0.022990
3.759281,-0.028008
3.763189,-0.038687
3.767097,-0.048052
3.771004,-0.050113
3.774912,-0.043683
3.778820,-0.032708
3.782728,-0.023001
3.786635,-0.017925
3.790543,-0.016221
3.794451,-0.013576
3.798359,-0.006668
3.802267,0.003516
3.806174,0.011835
3.810082,0.012777
3.813990,0.005109
3.817898,-0.006204
3.821805,-0.012563
3.825713,-0.007229
3.829621,0.010027
3.833529,0.032408
3.837436,0.050220
3.841344,0.056990
3.845252,0.053563
3.849160,0.047499
3.853068,0.048200
3.856975,0.060959
3.860883,0.083740
3.864791,0.108530
3.868699,0.125991
3.872606,0.130218
3.876514,0.120833
3.880422,0.101870
3.884330,0.078935
3.888238,0.056604
3.892145,0.037154
3.896053,0.020601
3.899961,0.005559
3.903869,-0.009488
3.907776,-0.024806
3.911684,-0.038505
3.915592,-0.046950
3.919500,-0.046905
3.923408,-0.038586
3.927315,-0.027351
3.931223,-0.021709
3.935131,-0.027615
3.939039,-0.042595
3.942946,-0.055177
3.946854,-0.052649
3.950762,-0.033637
3.954670,-0.015966
3.958578,-0.030171
3.962485,-0.097390
3.966393,-0.202968
3.970301,-0.285029
3.974209,-0.252772
3.978116,-0.032206
3.982024,0.383094
3.985932,0.907676
3.989840,1.387138
3.993748,1.662605
3.997655,1.644596
4.001563,1.355529
4.005471,0.916519
4.009379,0.486134
4.013286,0.186171
4.017194,0.055037
4.021102,0.050188
4.025010,0.090755
4.028918,0.109745
4.032825,0.084747
4.036733,0.034607
4.040641,-0.007461
4.044549,-0.021628
4.048456,-0.012077
4.052364,0.002117
4.056272,0.004595
4.060180,-0.006691
4.064088,-0.020935
4.067995,-0.025114
4.071903,-0.014152
4.075811,0.006719
4.079719,0.027508
4.083626,0.041273
4.087534,0.048096
4.091442,0.053255
4.095350,0.062245
4.099258,0.076912
4.103165,0.095059
4.107073,0.112774
4.110981,0.126994
4.114889,0.136553
4.118796,0.141748
4.122704,0.143637
4.126612,0.143895
4.130520,0.144951
4.134428,0.149534
4.138335,0.159294
4.142243,0.173298
4.146151,0.187791
4.150059,0.197964
4.153966,0.200896
4.157874,0.197668
4.161782,0.192885
4.165690,0.191573
4.169597,0.195463
4.173505,0.201328
4.177413,0.202781
4.181321,0.194433
4.185229,0.175539
4.189136,0.150559
4.193044,0.126262
4.196952,0.107462
4.200860,0.094380
4.204767,0.083326
4.208675,0.069953
4.212583,0.052559
4.216491,0.033146
4.220399,0.015785
4.224306,0.003793
4.228214,-0.002165
4.232122,-0.003982
4.236030,-0.004567
4.239937,-0.006305
4.243845,-0.010561
4.247753,-0.018033
4.251661,-0.029017
4.255569,-0.042939
4.259476,-0.057602
4.263384,-0.069274
4.267292,-0.074251
4.271200,-0.071144
4.275107,-0.062128
4.279015,-0.051812
4.282923,-0.044155
4.286831,-0.039615
4.290739,-0.034910
4.294646,-0.025946
4.298554,-0.011838
4.302462,0.003303
4.306370,0.012750
4.310277,0.012350
4.314185,0.004559
4.318093,-0.002232
4.322001,0.000731
4.325909,0.015875
4.329816,0.036537
4.333724,0.050637
4.337632,0.048608
4.341540,0.030164
4.345447,0.005085
4.349355,-0.012599
4.353263,-0.013069
4.357171,0.003817
4.361079,0.029424
4.364986,0.052461
4.368894,0.065904
4.372802,0.070250
4.376710,0.071649
4.380617,0.076953
4.384525,0.089375
4.388433,0.107251
4.392341,0.125820
4.396249,0.140006
4.400156,0.146191
4.404064,0.142494
4.407972,0.128399
4.411880,0.104770
4.415787,0.074271
4.419695,0.041366
4.423603,0.011162
4.427511,-0.012597
4.431419,-0.029047
4.435326,-0.039964
4.439234,-0.047741
4.443142,-0.053058
4.447050,-0.054210
4.450957,-0.048998
4.454865,-0.037905
4.458773,-0.025788
4.462681,-0.019806
4.466589,-0.024177
4.470496,-0.035773
4.474404,-0.045333
4.478312,-0.045640
4.482220,-0.041599
4.486127,-0.052776
4.490035,-0.101492
4.493943,-0.189414
4.497851,-0.277118
4.501758,-0.285033
4.505666,-0.124860
4.509574,0.248897
4.513482,0.795292
4.517390,1.381491
4.521297,1.827676
4.525205,1.984880
4.529113,1.805604
4.533021,1.367439
4.536928,0.835076
4.540836,0.381384
4.544744,0.111328
4.548652,0.028877
4.552560,0.059517
4.556467,0.107978
4.560375,0.113220
4.564283,0.070247
4.568191,0.013400
4.572098,-0.019722
4.576006,-0.016309
4.579914,0.008089
4.583822,0.027154
4.587730,0.025481
4.591637,0.007963
4.595545,-0.007514
4.599453,-0.005670
4.603361,0.015052
4.607268,0.042985
4.611176,0.062902
4.615084,0.066457
4.618992,0.056196
4.622900,0.041887
4.626807,0.033305
4.630715,0.034916
4.634623,0.045194
4.638531,0.059527
4.642438,0.073781
4.646346,0.086265
4.650254,0.097728
4.654162,0.110265
4.658070,0.125980
4.661977,0.145744
4.665885,0.168266
4.669793,0.189988
4.673701,0.206375
4.677608,0.214276
4.681516,0.213947
4.685424,0.209089
4.689332,0.204526
4.693240,0.202961
4.697147,0.203172
4.701055,0.201044
4.704963,0.192796
4.708871,0.178039
4.712778,0.160328
4.716686,0.144668
4.720594,0.133786
4.724502,0.126047
4.728410,0.116719
4.732317,0.101766
4.736225,0.081297
4.740133,0.059949
4.744041,0.043741
4.747948,0.035626
4.751856,0.033061
4.755764,0.029551
4.759672,0.019144
4.763580,0.000663
4.767487,-0.021409
4.771395,-0.040043
4.775303,-0.050477
4.779211,-0.053257
4.783118,-0.053322
4.787026,-0.055911
4.790934,-0.062432
4.794842,-0.069439
4.798750,-0.071468
4.802657,-0.065549
4.806565,-0.053881
4.810473,-0.042602
4.814381,-0.037490
4.818288,-0.039798
4.822196,-0.045343
4.826104,-0.047555
4.830012,-0.042305
4.833919,-0.030955
4.837827,-0.019366
4.841735,-0.013530
4.845643,-0.015034
4.849551,-0.019748
4.853458,-0.020846
4.857366,-0.014063
4.861274,-0.001329
4.865182,0.010065
4.869089,0.012458
4.872997,0.003542
4.876905,-0.011369
4.880813,-0.022440
4.884721,-0.021869
4.888628,-0.009294
4.892536,0.007883
4.896444,0.019579
4.900352,0.019917
4.904259,0.010991
4.908167,0.000951
4.912075,-0.001965
4.915983,0.005018
4.919891,0.018037
4.923798,0.030343
4.927706,0.037851
4.931614,0.042168
4.935522,0.048863
4.939429,0.062569
4.943337,0.082940
4.947245,0.104636
4.951153,0.121129
4.955061,0.129005
4.958968,0.129215
4.962876,0.124547
4.966784,0.115901
4.970692,0.100918
4.974599,0.076371
4.978507,0.042323
4.982415,0.004357
4.986323,-0.028356
4.990231,-0.048061
4.994138,-0.052855
4.998046,-0.047290
5.001954,-0.038905
5.005862,-0.033540
5.009769,-0.032968
5.013677,-0.035945
5.017585,-0.040668
5.021493,-0.045625
5.025401,-0.048207
5.029308,-0.043785
5.033216,-0.028783
5.037124,-0.007557
5.041032,0.002825
5.044939,-0.022054
5.048847,-0.095691
5.052755,-0.197733
5.056663,-0.263393
5.060571,-0.200337
5.064478,0.066740
5.068386,0.543885
5.072294,1.139798
5.076202,1.685951
5.080109,2.003154
5.084017,1.983490
5.087925,1.643294
5.091833,1.116238
5.095741,0.588956
5.099648,0.214590
5.103556,0.051230
5.107464,0.055445
5.111372,0.127335
5.115279,0.174734
5.119187,0.157897
5.123095,0.093751
5.127003,0.026589
5.130911,-0.009136
5.134818,-0.008951
5.138726,0.006973
5.142634,0.014560
5.146542,0.004058
5.150449,-0.016203
5.154357,-0.029747
5.158265,-0.025544
5.162173,-0.004958
5.166081,0.021301
5.169988,0.041869
5.173896,0.051803
5.177804,0.053615
5.181712,0.053166
5.185619,0.054732
5.189527,0.058969
5.193435,0.064337
5.197343,0.069764
5.201250,0.076058
5.205158,0.085266
5.209066,0.098928
5.212974,0.116735
5.216882,0.136430
5.220789,0.154840
5.224697,0.169330
5.228605,0.178946
5.232513,0.184690
5.236420,0.188819
5.240328,0.193468
5.244236,0.199376
5.248144,0.205470
5.252052,0.209588
5.255959,0.209852
5.259867,0.205749
5.263775,0.198231
5.267683,0.188826
5.271590,0.178478
5.275498,0.166964
5.279406,0.153342
5.283314,0.137073
5.287222,0.118929
5.291129,0.100926
5.295037,0.085230
5.298945,0.072764
5.302853,0.062425
5.306760,0.051430
5.310668,0.036669
5.314576,0.016445
5.318484,-0.008257
5.322392,-0.033663
5.326299,-0.054501
5.330207,-0.066237
5.334115,-0.067314
5.338023,-0.060256
5.341930,-0.050931
5.345838,-0.046043
5.349746,-0.049836
5.353654,-0.061647
5.357562,-0.075857
5.361469,-0.084722
5.365377,-0.082820
5.369285,-0.070539
5.373193,-0.054217
5.377100,-0.042566
5.381008,-0.041467
5.384916,-0.050463
5.388824,-0.063223
5.392732,-0.071622
5.396639,-0.070733
5.400547,-0.061515
5.404455,-0.049661
5.408363,-0.041572
5.412270,-0.040188
5.416178,-0.043277
5.420086,-0.045089
5.423994,-0.040177
5.427902,-0.026951
5.431809,-0.008830
5.435717,0.007646
5.439625,0.016575
5.443533,0.016109
5.447440,0.009630
5.451348,0.004079
5.455256,0.006371
5.459164,0.019830
5.463072,0.042538
5.466979,0.068470
5.470887,0.090713
5.474795,0.104869
5.478703,0.110577
5.482610,0.110346
5.486518,0.106668
5.490426,0.099590
5.494334,0.086589
5.498242,0.064944
5.502149,0.034869
5.506057,0.000967
5.509965,-0.029354
5.513873,-0.049649
5.517780,-0.057800
5.521688,-0.056626
5.525596,-0.051445
5.529504,-0.046669
5.533411,-0.044089
5.537319,-0.043860
5.541227,-0.046563
5.545135,-0.053601
5.549043,-0.064820
5.552950,-0.075595
5.556858,-0.077590
5.560766,-0.065447
5.564674,-0.046084
5.568581,-0.042205
5.572489,-0.082234
5.576397,-0.177276
5.580305,-0.297572
5.584213,-0.367297
5.588120,-0.290123
5.592028,0.000451
5.595936,0.491492
5.599844,1.073692
5.603751,1.574708
5.607659,1.831747
5.611567,1.766729
5.615475,1.422445
5.619383,0.938984
5.623290,0.484015
5.627198,0.176575
5.631106,0.045335
5.635014,0.038877
5.638921,0.073707
5.642829,0.086308
5.646737,0.059217
5.650645,0.012736
5.654553,-0.023330
5.658460,-0.034409
5.662368,-0.027176
5.666276,-0.018251
5.670184,-0.018710
5.674091,-0.027119
5.677999,-0.034138
5.681907,-0.032178
5.685815,-0.021294
5.689723,-0.007548
5.693630,0.003003
5.697538,0.008812
5.701446,0.012589
5.705354,0.017733
5.709261,0.025355
5.713169,0.034315
5.717077,0.043423
5.720985,0.053113
5.724893,0.064868
5.728800,0.079226
5.732708,0.094611
5.736616,0.108277
5.740524,0.118471
5.744431,0.125739
5.748339,0.132188
5.752247,0.139483
5.756155,0.147421
5.760063,0.154272
5.763970,0.158418
5.767878,0.159811
5.771786,0.160050
5.775694,0.161116
5.779601,0.163825
5.783509,0.167181
5.787417,0.168949
5.791325,0.166882
5.795233,0.159696
5.799140,0.147327
5.803048,0.130676
5.806956,0.111229
5.810864,0.090675
5.814771,0.070334
5.818679,0.050458
5.822587,0.029964
5.826495,0.007292
5.830403,-0.017756
5.834310,-0.042495
5.838218,-0.061832
5.842126,-0.071177
5.846034,-0.070134
5.849941,-0.064059
5.853849,-0.061605
5.857757,-0.069297
5.861665,-0.086713
5.865572,-0.106003
5.869480,-0.116621
5.873388,-0.112377
5.877296,-0.095948
5.881204,-0.077527
5.885111,-0.068333
5.889019,-0.073409
5.892927,-0.088670
5.896835,-0.104130
5.900742,-0.110870
5.904650,-0.106772
5.908558,-0.097149
5.912466,-0.090184
5.916374,-0.090731
5.920281,-0.096931
5.924189,-0.101879
5.928097,-0.098874
5.932005,-0.086419
5.935912,-0.069479
5.939820,-0.056243
5.943728,-0.052693
5.947636,-0.058685
5.951544,-0.068083
5.955451,-0.072769
5.959359,-0.067814
5.963267,-0.054527
5.967175,-0.039535
5.971082,-0.030715
5.974990,-0.032632
5.978898,-0.044306
5.982806,-0.060360
5.986714,-0.074446
5.990621,-0.082538
5.994529,-0.084113
5.998437,-0.080968
6.002345,-0.075091
6.006252,-0.067491
6.010160,-0.058718
6.014068,-0.050051
6.017976,-0.043595
6.021884,-0.040580
6.025791,-0.039125
6.029699,-0.033849
6.033607,-0.018594
6.037515,0.008960
6.041422,0.044055
6.045330,0.075774
6.049238,0.092191
6.053146,0.086658
6.057054,0.061104
6.060961,0.024253
6.064869,-0.013769
6.068777,-0.046521
6.072685,-0.072711
6.076592,-0.093798
6.080500,-0.110456
6.084408,-0.121078
6.088316,-0.123315
6.092224,-0.116924
6.096131,-0.105260
6.100039,-0.094151
6.103947,-0.089116
6.107855,-0.092869
6.111762,-0.104335
6.115670,-0.119003
6.119578,-0.130109
6.123486,-0.130919
6.127394,-0.118820
6.131301,-0.100269
6.135209,-0.092743
6.139117,-0.118528
6.143025,-0.188834
6.146932,-0.284707
6.150840,-0.348354
6.154748,-0.297586
6.158656,-0.064133
6.162564,0.360712
6.166471,0.900389
6.170379,1.408709
6.174287,1.726282
6.178195,1.751650
6.182102,1.488962
6.186010,1.044886
6.189918,0.575940
6.193826,0.215888
6.197733,0.022956
6.201641,-0.027507
6.205549,-0.007921
6.209457,0.012194
6.213365,0.000917
6.217272,-0.033459
6.221180,-0.065031
6.225088,-0.076829
6.228996,-0.072405
6.232903,-0.068260
6.236811,-0.077484
6.240719,-0.099176
6.244627,-0.120840
6.248535,-0.129673
6.252442,-0.122520
6.256350,-0.106962
6.260258,-0.093973
6.264166,-0.088974
6.268073,-0.088358
6.271981,-0.083443
6.275889,-0.067971
6.279797,-0.043148
6.283705,-0.016765
6.287612,0.002354
6.291520,0.010191
6.295428,0.009606
6.299336,0.007658
6.303243,0.010558
6.307151,0.019928
6.311059,0.032734
6.314967,0.044461
6.318875,0.052929
6.322782,0.059818
6.326690,0.068760
6.330598,0.081484
6.334506,0.095130
6.338413,0.103187
6.342321,0.099839
6.346229,0.084703
6.350137,0.064262
6.354045,0.048387
6.357952,0.044026
6.361860,0.050512
6.365768,0.060066
6.369676,0.063312
6.373583,0.055740
6.377491,0.040286
6.381399,0.024172
6.385307,0.012631
6.389215,0.004471
6.393122,-0.007089
6.397030,-0.029040
6.400938,-0.062788
6.404846,-0.102295
6.408753,-0.137378
6.412661,-0.159635
6.416569,-0.166894
6.420477,-0.163642
6.424385,-0.157900
6.428292,-0.157033
6.432200,-0.164762
6.436108,-0.180087
6.440016,-0.197647
6.443923,-0.209220
6.447831,-0.206558
6.451739,-0.185510
6.455647,-0.149827
6.459555,-0.111848
6.463462,-0.088070
6.467370,-0.090702
6.471278,-0.119760
6.475186,-0.161186
6.479093,-0.193475
6.483001,-0.199765
6.486909,-0.178114
6.490817,-0.143013
6.494725,-0.116538
6.498632,-0.114378
6.502540,-0.135627
6.506448,-0.163034
6.510356,-0.173723
6.514263,-0.153720
6.518171,-0.107240
6.522079,-0.055006
6.525987,-0.022584
6.529894,-0.025651
6.533802,-0.060698
6.537710,-0.106355
6.541618,-0.134496
6.545526,-0.125012
6.549433,-0.076343
6.553341,-0.006208
6.557249,0.057718
6.561157,0.092071
6.565064,0.089214
6.568972,0.059671
6.572880,0.024581
6.576788,0.002854
6.580696,0.000699
6.584603,0.009490
6.588511,0.012720
6.592419,-0.002835
6.596327,-0.039035
6.600234,-0.086220
6.604142,-0.130256
6.608050,-0.161253
6.611958,-0.177826
6.615866,-0.184730
6.619773,-0.186999
6.623681,-0.186123
6.627589,-0.181333
6.631497,-0.173972
6.635404,-0.169595
6.639312,-0.174316
6.643220,-0.187644
6.647128,-0.198888
6.651036,-0.193086
6.654943,-0.164915
6.658851,-0.130348
6.662759,-0.123650
6.666667,-0.175529
6.670574,-0.282934
6.674482,-0.391542
6.678390,-0.408836
6.682298,-0.248185
6.686206,0.117271
6.690113,0.622930
6.694021,1.126358
6.697929,1.464416
6.701837,1.526065
6.705744,1.302427
6.709652,0.887638
6.713560,0.431526
6.717468,0.071111
6.721376,-0.122922
6.725283,-0.160606
6.729191,-0.107664
6.733099,-0.041338
6.737007,-0.013200
6.740914,-0.035372
6.744822,-0.090063
6.748730,-0.149982
6.752638,-0.195237
6.756546,-0.219053
6.760453,-0.223740
6.764361,-0.213636
6.768269,-0.191194
6.772177,-0.157975
6.776084,-0.117935
6.779992,-0.079027
6.783900,-0.050985
6.787808,-0.040477
6.791716,-0.046945
6.795623,-0.062122
6.799531,-0.073912
6.803439,-0.072518
6.807347,-0.055337
6.811254,-0.027891
6.815162,-0.000520
6.819070,0.017006
6.822978,0.019878
6.826886,0.009619
6.830793,-0.007500
6.834701,-0.023390
6.838609,-0.030737
6.842517,-0.024685
6.846424,-0.004003
6.850332,0.028069
6.854240,0.063935
6.858148,0.093653
6.862055,0.108732
6.865963,0.105928
6.869871,0.088609
6.873779,0.064449
6.877687,0.040720
6.881594,0.020303
6.885502,0.001261
6.889410,-0.019747
6.893318,-0.042961
6.897225,-0.063753
6.901133,-0.075569
6.905041,-0.075708
6.908949,-0.069361
6.912857,-0.068104
6.916764,-0.083042
6.920672,-0.117070
6.924580,-0.161864
6.928488,-0.202129
6.932395,-0.224607
6.936303,-0.225915
6.940211,-0.214025
6.944119,-0.202557
6.948027,-0.201931
6.951934,-0.213375
6.955842,-0.229560
6.959750,-0.240720
6.963658,-0.241424
6.967565,-0.233239
6.971473,-0.222139
6.975381,-0.213628
6.979289,-0.209666
6.983197,-0.209193
6.987104,-0.210517
6.991012,-0.212546
6.994920,-0.213714
6.998828,-0.210569
7.002735,-0.198830
7.006643,-0.177394
7.010551,-0.152080
7.014459,-0.134780
7.018367,-0.136802
7.022274,-0.160347
7.026182,-0.194821
7.030090,-0.221952
7.033998,-0.227092
7.037905,-0.208787
7.041813,-0.179354
7.045721,-0.155712
7.049629,-0.147256
7.053537,-0.150026
7.057444,-0.151535
7.061352,-0.142183
7.065260,-0.123933
7.069168,-0.109134
7.073075,-0.110456
7.076983,-0.130127
7.080891,-0.157239
7.084799,-0.175214
7.088707,-0.173302
7.092614,-0.152953
7.096522,-0.124491
7.100430,-0.097743
7.104338,-0.075063
7.108245,-0.052673
7.112153,-0.028580
7.116061,-0.009297
7.119969,-0.008413
7.123877,-0.036982
7.127784,-0.093103
7.131692,-0.159506
7.135600,-0.212247
7.139508,-0.235078
7.143415,-0.229395
7.147323,-0.212578
7.151231,-0.205828
7.155139,-0.220038
7.159047,-0.249407
7.162954,-0.276697
7.166862,-0.285764
7.170770,-0.272162
7.174678,-0.244639
7.178585,-0.217411
7.182493,-0.200073
7.186401,-0.193486
7.190309,-0.194797
7.194216,-0.206441
7.198124,-0.239057
7.202032,-0.301490
7.205940,-0.381489
7.209848,-0.431413
7.213755,-0.375270
7.217663,-0.142499
7.221571,0.284927
7.225479,0.839849
7.229386,1.377442
7.233294,1.728131
7.237202,1.773013
7.241110,1.501657
7.245018,1.018802
7.248925,0.494778
7.252833,0.086893
7.256741,-0.125156
7.260649,-0.157568
7.264556,-0.091434
7.268464,-0.017499
7.272372,0.008820
7.276280,-0.019391
7.280188,-0.077175
7.284095,-0.134999
7.288003,-0.176809
7.291911,-0.201387
7.295819,-0.213327
7.299726,-0.214972
7.303634,-0.205595
7.307542,-0.185705
7.311450,-0.160256
7.315358,-0.137129
7.319265,-0.122538
7.323173,-0.117758
7.327081,-0.119556
7.330989,-0.122892
7.334896,-0.122852
7.338804,-0.114648
7.342712,-0.093505
7.346620,-0.056755
7.350528,-0.007842
7.354435,0.041381
7.358343,0.073849
7.362251,0.075944
7.366159,0.046613
7.370066,0.000203
7.373974,-0.040058
7.377882,-0.054498
7.381790,-0.037474
7.385698,0.000797
7.389605,0.041762
7.393513,0.069843
7.397421,0.080006
7.401329,0.077569
7.405236,0.071969
7.409144,0.069881
7.413052,0.072216
7.416960,0.075711
7.420868,0.076431
7.424775,0.071945
7.428683,0.061030
7.432591,0.042322
7.436499,0.014061
7.440406,-0.024239
7.444314,-0.069513
7.448222,-0.114588
7.452130,-0.150662
7.456038,-0.171844
7.459945,-0.178869
7.463853,-0.179166
7.467761,-0.182657
7.471669,-0.195585
7.475576,-0.216364
7.479484,-0.236450
7.483392,-0.245950
7.487300,-0.240390
7.491208,-0.224049
7.495115,-0.207584
7.499023,-0.201600
7.502931,-0.210502
7.506839,-0.230631
7.510746,-0.253486
7.514654,-0.271319
7.518562,-0.280960
7.522470,-0.283469
7.526377,-0.280683
7.530285,-0.272225
7.534193,-0.255947
7.538101,-0.231582
7.542009,-0.204162
7.545916,-0.183438
7.549824,-0.178624
7.553732,-0.191904
7.557640,-0.215792
7.561547,-0.237005
7.565455,-0.244651
7.569363,-0.237029
7.573271,-0.222000
7.577179,-0.210459
7.581086,-0.207648
7.584994,-0.208885
7.588902,-0.203167
7.592810,-0.182235
7.596717,-0.148430
7.600625,-0.115297
7.604533,-0.100006
7.608441,-0.112594
7.612349,-0.149303
7.616256,-0.194456
7.620164,-0.229423
7.624072,-0.242655
7.627980,-0.234632
7.631887,-0.215353
7.635795,-0.196945
7.639703,-0.186540
7.643611,-0.183652
7.647519,-0.182817
7.651426,-0.178824
7.655334,-0.170582
7.659242,-0.161047
7.663150,-0.153656
7.667057,-0.148180
7.670965,-0.139408
7.674873,-0.120185
7.678781,-0.087250
7.682689,-0.046024
7.686596,-0.010597
7.690504,0.002073
7.694412,-0.019037
7.698320,-0.072292
7.702227,-0.142984
7.706135,-0.209890
7.710043,-0.255317
7.713951,-0.273025
7.717859,-0.269618
7.721766,-0.258875
7.725674,-0.252751
7.729582,-0.254752
7.733490,-0.259722
7.737397,-0.259700
7.741305,-0.251296
7.745213,-0.238951
7.749121,-0.231446
7.753029,-0.234173
7.756936,-0.243430
7.760844,-0.248281
7.764752,-0.240252
7.768660,-0.224413
7.772567,-0.222036
7.776475,-0.258582
7.780383,-0.340422
7.784291,-0.434082
7.788199,-0.465103
7.792106,-0.345385
7.796014,-0.020837
7.799922,0.484982
7.803830,1.059257
7.807737,1.534407
7.811645,1.757111
7.815553,1.658077
7.819461,1.284895
7.823369,0.779031
7.827276,0.308953
7.831184,-0.004356
7.835092,-0.130538
7.839000,-0.122812
7.842907,-0.071569
7.846815,-0.049904
7.850723,-0.082008
7.854631,-0.146738
7.858538,-0.205747
7.862446,-0.233287
7.866354,-0.229189
7.870262,-0.211579
7.874170,-0.199707
7.878077,-0.201085
7.881985,-0.210422
7.885893,-0.217761
7.889801,-0.217334
7.893708,-0.210324
7.897616,-0.201048
7.901524,-0.191338
7.905432,-0.178415
7.909340,-0.157810
7.913247,-0.128531
7.917155,-0.096072
7.921063,-0.070622
7.924971,-0.061316
7.928878,-0.070159
7.932786,-0.089593
7.936694,-0.105667
7.940602,-0.105390
7.944510,-0.084119
7.948417,-0.048460
7.952325,-0.012533
7.956233,0.010497
7.960141,0.016513
7.964048,0.012853
7.967956,0.013094
7.971864,0.027320
7.975772,0.054380
7.979680,0.081752
7.983587,0.093594
7.987495,0.081676
7.991403,0.051499
7.995311,0.019023
7.999218,0.000093
8.003126,-0.000039
8.007034,0.010369
8.010942,0.016138
8.014850,0.006319
8.018757,-0.018270
8.022665,-0.046448
8.026573,-0.065678
8.030481,-0.071782
8.034388,-0.072242
8.038296,-0.080906
8.042204,-0.108124
8.046112,-0.153351
8.050020,-0.205012
8.053927,-0.247256
8.057835,-0.268794
8.061743,-0.268359
8.065651,-0.254095
8.069558,-0.238160
8.073466,-0.230284
8.077374,-0.233812
8.081282,-0.245656
8.085190,-0.259227
8.089097,-0.268208
8.093005,-0.269318
8.096913,-0.263220
8.100821,-0.253656
8.104728,-0.245447
8.108636,-0.242183
8.112544,-0.244473
8.116452,-0.249579
8.120360,-0.252823
8.124267,-0.250257
8.128175,-0.241126
8.132083,-0.228496
8.135991,-0.217439
8.139898,-0.211844
8.143806,-0.211993
8.147714,-0.214575
8.151622,-0.215142
8.155530,-0.211375
8.159437,-0.204910
8.163345,-0.200442
8.167253,-0.202536
8.171161,-0.212186
8.175068,-0.225446
8.178976,-0.235362
8.182884,-0.236268
8.186792,-0.227754
8.190699,-0.215486
8.194607,-0.207865
8.198515,-0.210355
8.202423,-0.221153
8.206331,-0.231441
8.210238,-0.230639
8.214146,-0.213545
8.218054,-0.184613
8.221962,-0.156155
8.225869,-0.141243
8.229777,-0.145745
8.233685,-0.164659
8.237593,-0.185074
8.241501,-0.193692
8.245408,-0.183943
8.249316,-0.158427
8.253224,-0.125974
8.257132,-0.096288
8.261039,-0.076114
8.264947,-0.068801
8.268855,-0.075932
8.272763,-0.098276
8.276671,-0.134634
8.280578,-0.179787
8.284486,-0.224276
8.288394,-0.257508
8.292302,-0.272852
8.296209,-0.271248
8.300117,-0.260524
8.304025,-0.250659
8.307933,-0.248322
8.311841,-0.254384
8.315748,-0.265476
8.319656,-0.277269
8.323564,-0.286142
8.327472,-0.288368
8.331379,-0.279545
8.335287,-0.257844
8.339195,-0.230757
8.343103,-0.219185
8.347011,-0.250636
8.350918,-0.339213
8.354826,-0.461630
8.358734,-0.547387
8.362642,-0.498321
8.366549,-0.236259
8.370457,0.243597
8.374365,0.846575
8.378273,1.402501
8.382181,1.734709
8.386088,1.740327
8.389996,1.437893
8.393904,0.955173
8.397812,0.464384
8.401719,0.102127
8.405627,-0.081993
8.409535,-0.124411
8.413443,-0.103681
8.417351,-0.086654
8.421258,-0.097933
8.425166,-0.124866
8.429074,-0.144996
8.432982,-0.150712
8.436889,-0.153473
8.440797,-0.168965
8.444705,-0.199308
8.448613,-0.228509
8.452521,-0.234619
8.456428,-0.207885
8.460336,-0.159814
8.464244,-0.115985
8.468152,-0.098435
8.472059,-0.111104
8.475967,-0.138742
8.479875,-0.159052
8.483783,-0.158249
8.487691,-0.138767
8.491598,-0.114720
8.495506,-0.100009
8.499414,-0.098508
8.503322,-0.102958
8.507229,-0.101983
8.511137,-0.088971
8.515045,-0.066221
8.518953,-0.042192
8.522860,-0.024876
8.526768,-0.016490
8.530676,-0.012815
8.534584,-0.006772
8.538492,0.006807
8.542399,0.028334
8.546307,0.053685
8.550215,0.076560
8.554123,0.091144
8.558030,0.093774
8.561938,0.083431
8.565846,0.061569
8.569754,0.031698
8.573662,-0.001296
8.577569,-0.032238
8.581477,-0.057011
8.585385,-0.073714
8.589293,-0.083199
8.593200,-0.088882
8.597108,-0.095805
8.601016,-0.108973
8.604924,-0.131122
8.608832,-0.160745
8.612739,-0.191713
8.616647,-0.215564
8.620555,-0.225983
8.624463,-0.223105
8.628370,-0.214566
8.632278,-0.211700
8.636186,-0.222477
8.640094,-0.245536
8.644002,-0.269787
8.647909,-0.280812
8.651817,-0.270529
8.655725,-0.243738
8.659633,-0.216499
8.663540,-0.206560
8.667448,-0.221689
8.671356,-0.253852
8.675264,-0.283698
8.679172,-0.292854
8.683079,-0.275906
8.686987,-0.243827
8.690895,-0.216379
8.694803,-0.208598
8.698710,-0.220571
8.702618,-0.237413
8.706526,-0.239439
8.710434,-0.215714
8.714342,-0.172073
8.718249,-0.128452
8.722157,-0.107300
8.726065,-0.120424
8.729973,-0.162297
8.733880,-0.213579
8.737788,-0.252159
8.741696,-0.264735
8.745604,-0.252241
8.749512,-0.226807
8.753419,-0.203184
8.757327,-0.190369
8.761235,-0.188154
8.765143,-0.189679
8.769050,-0.187357
8.772958,-0.177933
8.776866,-0.163653
8.780774,-0.149366
8.784682,-0.138181
8.788589,-0.129065
8.792497,-0.118240
8.796405,-0.103269
8.800313,-0.086594
8.804220,-0.075404
8.808128,-0.077293
8.812036,-0.094315
8.815944,-0.119723
8.819852,-0.140346
8.823759,-0.144038
8.827667,-0.127835
8.831575,-0.101285
8.835483,-0.081917
8.839390,-0.084925
8.843298,-0.113375
8.847206,-0.155531
8.851114,-0.191629
8.855021,-0.206213
8.858929,-0.198104
8.862837,-0.181182
8.866745,-0.175004
8.870653,-0.191187
8.874560,-0.224749
8.878468,-0.256722
8.882376,-0.266855
8.886284,-0.248063
8.890191,-0.212438
8.894099,-0.183930
8.898007,-0.182015
8.901915,-0.207715
8.905823,-0.242771
8.909730,-0.264036
8.913638,-0.263571
8.917546,-0.258567
8.921454,-0.280077
8.925361,-0.343966
8.929269,-0.422704
8.933177,-0.441120
8.937085,-0.307483
8.940993,0.031644
8.944900,0.543728
8.948808,1.102428
8.952716,1.532090
8.956624,1.685933
8.960531,1.516666
8.964439,1.099654
8.968347,0.594907
8.972255,0.169360
8.976163,-0.077018
8.980070,-0.142396
8.983978,-0.100319
8.987886,-0.043674
8.991794,-0.032168
8.995701,-0.071881
8.999609,-0.131157
9.003517,-0.174229
9.007425,-0.187025
9.011333,-0.180413
9.015240,-0.174527
9.019148,-0.180036
9.023056,-0.191058
9.026964,-0.192961
9.030871,-0.176546
9.034779,-0.146546
9.038687,-0.118421
9.042595,-0.107076
9.046503,-0.116725
9.050410,-0.139099
9.054318,-0.160148
9.058226,-0.169312
9.062134,-0.164554
9.066041,-0.150607
9.069949,-0.133265
9.073857,-0.114891
9.077765,-0.094336
9.081673,-0.070315
9.085580,-0.044536
9.089488,-0.021587
9.093396,-0.005690
9.097304,0.002761
9.101211,0.007799
9.105119,0.014968
9.109027,0.027174
9.112935,0.042580
9.116843,0.056072
9.120750,0.063009
9.124658,0.062246
9.128566,0.056275
9.132474,0.048694
9.136381,0.041336
9.140289,0.033415
9.144197,0.023230
9.148105,0.010693
9.152013,-0.001805
9.155920,-0.011288
9.159828,-0.017431
9.163736,-0.024202
9.167644,-0.037936
9.171551,-0.062740
9.175459,-0.096538
9.179367,-0.131008
9.183275,-0.156020
9.187182,-0.165820
9.191090,-0.162773
9.194998,-0.156022
9.198906,-0.155845
9.202814,-0.167469
9.206721,-0.188343
9.210629,-0.210380
9.214537,-0.225305
9.218445,-0.229435
9.222352,-0.224991
9.226260,-0.217665
9.230168,-0.212627
9.234076,-0.211792
9.237984,-0.213821
9.241891,-0.216174
9.245799,-0.217254
9.249707,-0.217072
9.253615,-0.216316
9.257522,-0.214957
9.261430,-0.211662
9.265338,-0.204456
9.269246,-0.192126
9.273154,-0.175447
9.277061,-0.157486
9.280969,-0.142739
9.284877,-0.135370
9.288785,-0.137268
9.292692,-0.146843
9.296600,-0.159296
9.300508,-0.168459
9.304416,-0.169489
9.308324,-0.161162
9.312231,-0.146588
9.316139,-0.131819
9.320047,-0.122886
9.323955,-0.122736
9.327862,-0.129748
9.331770,-0.138715
9.335678,-0.143673
9.339586,-0.140910
9.343494,-0.130460
9.347401,-0.115560
9.351309,-0.100739
9.355217,-0.089770
9.359125,-0.084464
9.363032,-0.084553
9.366940,-0.088323
9.370848,-0.093355
9.374756,-0.097032
9.378664,-0.096825
9.382571,-0.090677
9.386479,-0.077566
9.390387,-0.058034
9.394295,-0.034320
9.398202,-0.009966
9.402110,0.010917
9.406018,0.024378
9.409926,0.027196
9.413834,0.017418
9.417741,-0.004954
9.421649,-0.037185
9.425557,-0.073511
9.429465,-0.106022
9.433372,-0.127043
9.437280,-0.132308
9.441188,-0.123290
9.445096,-0.107002
9.449004,-0.092804
9.452911,-0.087706
9.456819,-0.093006
9.460727,-0.104503
9.464635,-0.116141
9.468542,-0.124268
9.472450,-0.129059
9.476358,-0.132056
9.480266,-0.132623
9.484174,-0.127914
9.488081,-0.118200
9.491989,-0.113309
9.495897,-0.131831
9.499805,-0.187738
9.503712,-0.269159
9.507620,-0.324492
9.511528,-0.272222
9.515436,-0.038474
9.519343,0.393530
9.523251,0.951767
9.527159,1.486784
9.531067,1.828578
9.534975,1.863091
9.538882,1.587189
9.542790,1.110509
9.546698,0.602147
9.550606,0.211820
9.554513,0.008638
9.558421,-0.032070
9.562329,0.006516
9.566237,0.039541
9.570145,0.023933
9.574052,-0.032469
9.577960,-0.093010
9.581868,-0.124777
9.585776,-0.119477
9.589683,-0.092905
9.593591,-0.068894
9.597499,-0.061906
9.601407,-0.069811
9.605315,-0.079163
9.609222,-0.076770
9.613130,-0.058794
9.617038,-0.032155
9.620946,-0.008907
9.624853,0.001560
9.628761,-0.002571
9.632669,-0.015775
9.636577,-0.029374
9.640485,-0.036562
9.644392,-0.035291
9.648300,-0.027807
9.652208,-0.017795
9.656116,-0.007423
9.660023,0.003660
9.663931,0.017005
9.667839,0.033266
9.671747,0.051405
9.675655,0.069945
9.679562,0.088893
9.683470,0.109985
9.687378,0.134353
9.691286,0.159337
9.695193,0.177712
9.699101,0.181182
9.703009,0.166433
9.706917,0.139238
9.710825,0.112710
9.714732,0.099892
9.718640,0.105382
9.722548,0.122019
9.726456,0.135351
9.730363,0.133064
9.734271,0.112766
9.738179,0.082644
9.742087,0.054723
9.745995,0.035970
9.749902,0.023966
9.753810,0.010164
9.757718,-0.012205
9.761626,-0.042075
9.765533,-0.071150
9.769441,-0.090641
9.773349,-0.098676
9.777257,-0.102361
9.781165,-0.112647
9.785072,-0.135772
9.788980,-0.167844
9.792888,-0.196820
9.796796,-0.210604
9.800703,-0.205405
9.804611,-0.188369
9.808519,-0.172710
9.812427,-0.168871
9.816335,-0.177878
9.820242,-0.191307
9.824150,-0.197684
9.828058,-0.190780
9.831966,-0.174075
9.835873,-0.158310
9.839781,-0.153806
9.843689,-0.162890
9.847597,-0.177798
9.851504,-0.185710
9.855412,-0.177620
9.859320,-0.154964
9.863228,-0.129330
9.867136,-0.115284
9.871043,-0.120986
9.874951,-0.142846
9.878859,-0.167745
9.882767,-0.181307
9.886674,-0.176702
9.890582,-0.158227
9.894490,-0.137571
9.898398,-0.125735
9.902306,-0.126336
9.906213,-0.134652
9.910121,-0.142358
9.914029,-0.143965
9.917937,-0.140214
9.921844,-0.136384
9.925752,-0.137448
9.929660,-0.144082
9.933568,-0.152492
9.937476,-0.157687
9.941383,-0.157199
9.945291,-0.152226
9.949199,-0.145666
9.953107,-0.139168
9.957014,-0.131880
9.960922,-0.121734
9.964830,-0.107752
9.968738,-0.091111
9.972646,-0.074233
9.976553,-0.059160
9.980461,-0.047060
9.984369,-0.039220
9.988277,-0.037995
9.992184,-0.046034
9.996092,-0.063914
10.000000,-0.088296
